2025-05-26 22:11:02,axel perez,axeljpg117@gmail.com
2025-05-26 22:11:09,axel perez,axeljpg117@gmail.com
2025-05-26 22:26:15,Manel Alejandro,294437@tiendasneto.com
2025-05-27 00:11:29,dani va,daniva@tiendasneto.com
2025-05-27 00:17:05,Manel Alejandro,daniva@tiendasneto.com
2025-05-27 01:37:08,Manel Alejandro,axeljpg117@gmail.com,femenino
2025-05-27 01:44:42,adiana garcia,Adrianagarcia@gmail.com,femenino,::1,N/A
2025-05-27 01:59:25,axel perez,daniva@tiendasneto.com,Femenino,::1,$PORTAL_MAC$
2025-05-27 02:00:11,jonathan,perez@gmail.com,Femenino,::1,$PORTAL_MAC$
2025-05-27 17:06:39,a,axeljpg117@gmail.com,Masculino,::1,$PORTAL_MAC$
2025-05-27 17:16:31,a,axeljpg117@gmail.com,Masculino,::1,$PORTAL_MAC$
2025-05-27 17:39:37,cirstian,Cistian117@gmail.com,Masculino,::1,$PORTAL_MAC$
2025-05-27 17:54:58,axel,daniva@tiendasneto.com,Masculino,::1,$PORTAL_MAC$
2025-05-27 18:05:59,Cistian argenis,Cistian117@gmail.com,Femenino,Adultos (19-64),::1,$PORTAL_MAC$
2025-05-27 23:20:41,Ivan Guerra,Ivanpelon@tiendasneto.com,Masculino,Adultos (19-64),::1,$PORTAL_MAC$
2025-05-28 16:12:23,Manel Alejandro,axeljpg117@gmail.com,Masculino,Jóvenes (13-18),Por la ubicación de la tienda,::1,$PORTAL_MAC$
2025-05-28 16:57:15,Manel Alejandro,axeljpg117@gmail.com,Masculino,Jovenes (13-18),Por la atención,::1,$PORTAL_MAC$
2025-05-28 17:49:58,Manel Alejandro,axeljpg117@gmail.com,Masculino,Jovenes (13-18),Por la atención,::1,$PORTAL_MAC$
2025-05-28 17:50:33,Manel Alejandro,axeljpg117@gmail.com,Masculino,Jovenes (13-18),Por los mejores precios,::1,$PORTAL_MAC$
2025-05-28 19:37:54,Manel Alejandro,axeljpg117@gmail.com,Masculino,Jovenes (13-18),Por los horarios,::1,$PORTAL_MAC$
